A70--Glenbrook Rd To B7031	Wednesday
A70--Glenbrook Rd To B7031	Wednesday
Abbotsford Crescent	Wednesday
Abbotsford Crescent	Wednesday
Abbotsford Park	Wednesday
Abbotsford Park	Wednesday
Abercorn Avenue	Friday
Abercorn Avenue	Friday
Abercorn Cottages	Friday
Abercorn Cottages	Friday
Abercorn Crescent	Friday
Abercorn Crescent	Friday
Abercorn Drive	Friday
Abercorn Drive	Friday
Abercorn Gardens	Tuesday
Abercorn Gardens	Tuesday
Abercorn Grove	Friday
Abercorn Grove	Friday
Abercorn Road	Friday
Abercorn Road	Friday
Abercorn Terrace	Friday
Abercorn Terrace	Friday
Abercromby Place	Tuesday
Abercromby Place	Tuesday
Abinger Gardens	Friday
Abinger Gardens	Friday
Achnacarry Street	Thursday
Achnacarry Street	Thursday
Adams Well	Wednesday
Adams Well	Wednesday
Adamslaw Place	Friday
Adamslaw Place	Friday
Addiston Crescent	Wednesday
Addiston Crescent	Wednesday
Addiston Farm Road	Thursday
Addiston Farm Road	Thursday
Addiston Grove	Wednesday
Addiston Grove	Wednesday
Addiston Park	Wednesday
Addiston Park	Wednesday
Adelphi Grove	Friday
Adelphi Grove	Friday
Adelphi Place	Friday
Adelphi Place	Friday
Adit Place	Thursday
Adit Place	Thursday
Admiral Terrace	Tuesday
Admiral Terrace	Tuesday
Affleck Court	Thursday
Affleck Court	Thursday
Affleck Way	Wednesday
Affleck Way	Wednesday
Afton Place	Tuesday
Afton Place	Tuesday
Afton Terrace	Tuesday
Afton Terrace	Tuesday
Ainslie Place	Tuesday
Ainslie Place	Tuesday
Aitchison'S Place	Friday
Aitchison'S Place	Friday
Alan Breck Gardens	Friday
Alan Breck Gardens	Friday
Albany Lane	Tuesday
Albany Lane	Tuesday
Albany Street	Tuesday
Albany Street	Tuesday
Albany Street Lane	Tuesday
Albany Street Lane	Tuesday
Albert Terrace	Wednesday
Albert Terrace	Wednesday
Alcorn Square	Wednesday
Alcorn Square	Wednesday
Alderbank Gardens	Tuesday
Alderbank Gardens	Tuesday
Alderbank Place	Tuesday
Alderbank Place	Tuesday
Alderbank Terrace	Tuesday
Alderbank Terrace	Tuesday
Aldermoor Avenue	Wednesday
Aldermoor Avenue	Wednesday
Alemoor Crescent	Tuesday
Alemoor Crescent	Tuesday
Alemoor Park	Tuesday
Alemoor Park	Tuesday
Alexander Drive	Friday
Alexander Drive	Friday
Alfred Place	Friday
Alfred Place	Friday
Allan Park	Thursday
Allan Park	Thursday
Allan Park Crescent	Wednesday
Allan Park Crescent	Wednesday
Allan Park Drive	Wednesday
Allan Park Drive	Wednesday
Allan Park Gardens	Wednesday
Allan Park Gardens	Wednesday
Allan Park Loan	Wednesday
Allan Park Loan	Wednesday
Allan Park Road	Wednesday
Allan Park Road	Wednesday
Allermuir Road	Wednesday
Allermuir Road	Wednesday
Allison Place	Thursday
Allison Place	Thursday
Almond Bank Cottages	Thursday
Almond Bank Cottages	Thursday
Almond Green	Thursday
Almond Green	Thursday
Almond Grove	Thursday
Almond Grove	Thursday
Almond Square	Thursday
Almond Square	Thursday
Almondbank Terrace	Tuesday
Almondbank Terrace	Tuesday
Almondhill	Thursday
Almondhill	Thursday
Almondhill Road	Thursday
Almondhill Road	Thursday
Almondhill Steading	Thursday
Almondhill Steading	Thursday
Almondside	Thursday
Almondside	Thursday
Alnwickhill Court	Thursday
Alnwickhill Court	Thursday
Alnwickhill Crescent	Thursday
Alnwickhill Crescent	Thursday
Alnwickhill Drive	Thursday
Alnwickhill Drive	Thursday
Alnwickhill Gardens	Thursday
Alnwickhill Gardens	Thursday
Alnwickhill Grove	Thursday
Alnwickhill Grove	Thursday
Alnwickhill Loan	Thursday
Alnwickhill Loan	Thursday
Alnwickhill Park	Thursday
Alnwickhill Park	Thursday
Alnwickhill Road	Thursday
Alnwickhill Road	Thursday
Alnwickhill Terrace	Thursday
Alnwickhill Terrace	Thursday
Alnwickhill View	Thursday
Alnwickhill View	Thursday
Alva Street	Tuesday
Alva Street	Tuesday
Amos Crescent	Thursday
Amos Crescent	Thursday
Amos Crossway	Thursday
Amos Crossway	Thursday
Amos Place	Thursday
Amos Place	Thursday
Andrew Balfour Grove	Friday
Andrew Balfour Grove	Friday
Angle Park Terrace	Tuesday
Angle Park Terrace	Tuesday
Ann Street	Friday
Ann Street	Friday
Annandale Street	Tuesday
Annandale Street	Tuesday
Annandale Street Lane	Tuesday
Annandale Street Lane	Tuesday
Annfield Street	Tuesday
Annfield Street	Tuesday
Arboretum Place	Tuesday
Arboretum Place	Tuesday
Arboretum Road	Tuesday
Arboretum Road	Tuesday
Ardmillan Place	Tuesday
Ardmillan Place	Tuesday
Ardmillan Terrace	Tuesday
Ardmillan Terrace	Tuesday
Ardshiel Avenue	Friday
Ardshiel Avenue	Friday
Argyle Crescent	Friday
Argyle Crescent	Friday
Argyle Park Terrace	Wednesday
Argyle Park Terrace	Wednesday
Argyle Place	Wednesday
Argyle Place	Wednesday
Argyle Street	Tuesday
Argyle Street	Tuesday
Argyll Terrace	Tuesday
Argyll Terrace	Tuesday
Arkaig Gardens	Thursday
Arkaig Gardens	Thursday
Arnott Gardens	Wednesday
Arnott Gardens	Wednesday
Arrol Place	Thursday
Arrol Place	Thursday
Arthur Street	Tuesday
Arthur Street	Tuesday
Ashburnham Gardens	Thursday
Ashburnham Gardens	Thursday
Ashburnham Loan	Thursday
Ashburnham Loan	Thursday
Ashburnham Road	Thursday
Ashburnham Road	Thursday
Ashcroft Lane	Wednesday
Ashcroft Lane	Wednesday
Ashlar Road	Tuesday
Ashlar Road	Tuesday
Ashley Drive	Tuesday
Ashley Drive	Tuesday
Ashley Gardens	Tuesday
Ashley Gardens	Tuesday
Ashley Grange	Wednesday
Ashley Grange	Wednesday
Ashley Grove	Tuesday
Ashley Grove	Tuesday
Ashley Terrace	Tuesday
Ashley Terrace	Tuesday
Ashton Grove	Friday
Ashton Grove	Friday
Ashton Villas	Friday
Ashton Villas	Friday
Ashville Terrace	Tuesday
Ashville Terrace	Tuesday
Ashwood Gait	Friday
Ashwood Gait	Friday
Aspen Road	Friday
Aspen Road	Friday
Atheling Grove	Thursday
Atheling Grove	Thursday
Atholl Crescent	Tuesday
Atholl Crescent	Tuesday
Atholl Crescent Lane	Tuesday
Atholl Crescent Lane	Tuesday
Atholl Terrace	Tuesday
Atholl Terrace	Tuesday
Auchingane	Thursday
Auchingane	Thursday
Auchinleck'S Brae	Tuesday
Auchinleck'S Brae	Tuesday
Auldgate	Thursday
Auldgate	Thursday
Avenel	Thursday
Avenel	Thursday
Avenue Villas	Tuesday
Avenue Villas	Tuesday
Avon Grove	Thursday
Avon Grove	Thursday
Avon Place	Thursday
Avon Place	Thursday
Avon Road	Thursday
Avon Road	Thursday
Avondale Place	Tuesday
Avondale Place	Tuesday
