	 Wednesday
	 Wednesday
	 Friday
	 Friday
	 Friday
	 Friday
	 Tuesday
	 Friday
	 Friday
	 Friday
	 Tuesday
	 Friday
	 Thursday
	 Wednesday
	 Friday
	 Wednesday
	 Thursday
	 Wednesday
	 Wednesday
	 Friday
	 Friday
	 Thursday
	 Tuesday
	 Thursday
	 Wednesday
	 Tuesday
	 Tuesday
	 Tuesday
	 Friday
	 Friday
	 Tuesday
	 Tuesday
	 Tuesday
	 Wednesday
	 Wednesday
	 Tuesday
	 Tuesday
	 Tuesday
	 Wednesday
	 Tuesday
	 Tuesday
	 Friday
	 Friday
	 Thursday
	 Wednesday
	 Wednesday
	 Wednesday
	 Wednesday
	 Wednesday
	 Wednesday
	 Thursday
	 Thursday
	 Thursday
	 Thursday
	 Thursday
	 Tuesday
	 Thursday
	 Thursday
	 Thursday
	 Thursday
	 Thursday
	 Thursday
	 Thursday
	 Thursday
	 Thursday
	 Thursday
	 Thursday
	 Thursday
	 Thursday
	 Thursday
	 Tuesday
	 Thursday
	 Thursday
	 Thursday
	 Friday
	 Tuesday
	 Friday
	 Tuesday
	 Tuesday
	 Tuesday
	 Tuesday
	 Tuesday
	 Tuesday
	 Tuesday
	 Friday
	 Friday
	 Wednesday
	 Wednesday
	 Tuesday
	 Tuesday
	 Thursday
	 Wednesday
	 Thursday
	 Tuesday
	 Thursday
	 Thursday
	 Thursday
	 Wednesday
	 Tuesday
	 Tuesday
	 Tuesday
	 Wednesday
	 Tuesday
	 Tuesday
	 Friday
	 Friday
	 Tuesday
	 Friday
	 Friday
	 Thursday
	 Tuesday
	 Tuesday
	 Tuesday
	 Thursday
	 Tuesday
	 Thursday
	 Thursday
	 Tuesday
	 Thursday
	 Thursday
	 Thursday
	 Tuesday
	 Wednesday
	 Wednesday
	 Wednesday
	 Wednesday
	 Wednesday
	 Wednesday
	 Wednesday
	 Wednesday
	 Wednesday
	 Wednesday
	 Wednesday
	 Wednesday
	 Wednesday
	 Wednesday
	 Wednesday
	 Wednesday
	 Wednesday
	 Wednesday
	 Wednesday
	 Wednesday
	 Wednesday
	 Wednesday
	 Wednesday
	 Wednesday
	 Wednesday
	 Wednesday
	 Wednesday
	 Wednesday
	 Wednesday
	 Friday
	 Friday
	 Thursday
	 Thursday
	 Thursday
	 Friday
	 Friday
	 Friday
	 Friday
	 Friday
	 Friday
	 Friday
	 Friday
	 Friday
	 Friday
	 Thursday
	 Friday
	 Thursday
	 Thursday
	 Friday
	 Wednesday
	 Thursday
	 Friday
	 Friday
	 Tuesday
	 Friday
	 Friday
	 Friday
	 Friday
	 Friday
	 Wednesday
	 Tuesday
	 Thursday
	 Thursday
	 Thursday
	 Thursday
	 Thursday
	 Tuesday
	 Tuesday
	 Tuesday
	 Tuesday
	 Tuesday
	 Tuesday
	 Tuesday
	 Tuesday
	 Tuesday
	 Tuesday
	 Wednesday
	 Thursday
	 Thursday
	 Wednesday
	 Wednesday
	 Thursday
	 Tuesday
	 Thursday
	 Thursday
	 Tuesday
	 Thursday
	 Tuesday
	 Tuesday
	 Thursday
	 Thursday
	 Thursday
	 Thursday
	 Thursday
	 Thursday
	 Thursday
	 Thursday
	 Thursday
	 Thursday
	 Thursday
	 Thursday
	 Wednesday
	 Wednesday
	 Wednesday
	 Friday
	 Friday
	 Thursday
	 Tuesday
	 Friday
	 Friday
	 Friday
	 Tuesday
	 Friday
	 Wednesday
	 Wednesday
	 Wednesday
	 Friday
	 Thursday
	 Thursday
	 Thursday
	 Thursday
	 Wednesday
	 Friday
	 Friday
	 Friday
	 Friday
	 Tuesday
	 Friday
	 Friday
	 Friday
	 Friday
	 Friday
	 Friday
	 Friday
	 Friday
	 Friday
	 Friday
	 Friday
	 Friday
	 Friday
	 Tuesday
	 Friday
	 Thursday
	 Friday
	 Tuesday
	 Tuesday
	 Tuesday
	 Tuesday
	 Tuesday
	 Tuesday
	 Tuesday
	 Friday
	 Friday
	 Friday
	 Thursday
	 Friday
	 Friday
	 Friday
	 Friday
	 Friday
	 Wednesday
	 Friday
	 Friday
	 Tuesday
	 Friday
	 Tuesday
	 Tuesday
	 Tuesday
	 Tuesday
	 Tuesday
	 Thursday
	 Thursday
	 Thursday
	 Friday
	 Friday
	 Friday
	 Friday
	 Friday
	 Friday
	 Friday
	 Friday
	 Friday
	 Thursday
	 Friday
	 Wednesday
	 Wednesday
	 Thursday
	 Friday
	 Friday
	 Friday
	 Friday
	 Wednesday
	 Wednesday
	 Thursday
	 Wednesday
	 Wednesday
	 Wednesday
	 Wednesday
	 Tuesday
	 Thursday
	 Thursday
	 Wednesday
	 Tuesday
	 Tuesday
	 Friday
	 Friday
	 Friday
	 Friday
	 Friday
	 Friday
	 Friday
	 Tuesday
	 Wednesday
	 Wednesday
	 Wednesday
	 Wednesday
	 Wednesday
	 Wednesday
	 Wednesday
	 Wednesday
	 Wednesday
	 Wednesday
	 Wednesday
	 Wednesday
	 Thursday
	 Tuesday
	 Tuesday
	 Tuesday
	 Thursday
	 Tuesday
	 Friday
	 Tuesday
	 Tuesday
	 Tuesday
	 Thursday
	 Friday
	 Tuesday
	 Tuesday
	 Tuesday
	 Tuesday
	 Tuesday
	 Tuesday
	 Tuesday
	 Tuesday
	 Tuesday
	 Tuesday
	 Tuesday
	 Tuesday
	 Tuesday
	 Thursday
	 Friday
	 Thursday
	 Tuesday
	 Wednesday
	 Thursday
	 Thursday
	 Thursday
	 Thursday
	 Thursday
	 Wednesday
	 Wednesday
	 Thursday
	 Thursday
	 Thursday
	 Thursday
	 Thursday
	 Thursday
	 Thursday
	 Thursday
	 Thursday
	 Thursday
	 Wednesday
	 Wednesday
	 Wednesday
	 Thursday
	 Wednesday
	 Wednesday
	 Wednesday
	 Wednesday
	 Thursday
	 Thursday
	 Thursday
	 Thursday
	 Wednesday
	 Wednesday
	 Thursday
	 Thursday
	 Thursday
	 Thursday
	 Thursday
	 Friday
	 Friday
	 Thursday
	 Tuesday
	 Thursday
	 Tuesday
	 Friday
	 Friday
	 Tuesday
	 Friday
	 Wednesday
	 Thursday
	 Thursday
	 Thursday
	 Thursday
	 Thursday
	 Thursday
	 Thursday
	 Thursday
	 Thursday
	 Thursday
	 Thursday
	 Tuesday
	 Wednesday
	 Friday
	 Tuesday
	 Wednesday
	 Wednesday
	 Thursday
	 Friday
	 Wednesday
	 Wednesday
	 Wednesday
	 Wednesday
	 Wednesday
	 Wednesday
	 Wednesday
	 Wednesday
	 Wednesday
	 Wednesday
	 Wednesday
	 Wednesday
	 Wednesday
	 Friday
	 Friday
	 Friday
	 Friday
	 Friday
	 Friday
	 Friday
	 Friday
	 Friday
	 Friday
	 Friday
	 Friday
	 Friday
	 Friday
	 Friday
	 Friday
	 Friday
	 Friday
	 Friday
	 Friday
	 Friday
	 Friday
	 Friday
	 Friday
	 Friday
	 Friday
	 Friday
	 Wednesday
	 Wednesday
	 Wednesday
	 Wednesday
	 Wednesday
	 Thursday
	 Wednesday
	 Tuesday
	 Tuesday
	 Tuesday
	 Tuesday
	 Friday
	 Friday
	 Friday
	 Friday
	 Friday
	 Friday
	 Friday
	 Friday
	 Friday
	 Tuesday
	 Wednesday
	 Wednesday
	 Tuesday
	 Wednesday
	 Tuesday
	 Wednesday
	 Wednesday
	 Wednesday
	 Friday
	 Thursday
	 Thursday
	 Thursday
	 Thursday
	 Thursday
	 Thursday
	 Thursday
	 Thursday
	 Thursday
	 Thursday
	 Thursday
	 Thursday
	 Thursday
	 Thursday
	 Thursday
	 Thursday
	 Thursday
	 Thursday
	 Thursday
	 Thursday
	 Thursday
	 Thursday
	 Thursday
	 Thursday
	 Thursday
	 Thursday
	 Thursday
	 Thursday
	 Thursday
	 Thursday
	 Thursday
	 Thursday
	 Thursday
	 Thursday
	 Thursday
	 Thursday
	 Thursday
	 Thursday
	 Thursday
	 Thursday
	 Thursday
	 Thursday
	 Thursday
	 Thursday
	 Thursday
	 Thursday
	 Thursday
	 Thursday
	 Thursday
	 Thursday
	 Thursday
	 Thursday
	 Thursday
	 Thursday
	 Thursday
	 Thursday
	 Wednesday
	 Thursday
	 Thursday
	 Thursday
	 Thursday
	 Thursday
	 Thursday
	 Thursday
	 Wednesday
	 Thursday
	 Thursday
	 Thursday
	 Thursday
	 Thursday
	 Tuesday
	 Thursday
	 Wednesday
	 Thursday
	 Wednesday
	 Thursday
	 Wednesday
	 Wednesday
	 Tuesday
	 Thursday
	 Thursday
	 Wednesday
	 Thursday
	 Friday
	 Wednesday
	 Wednesday
	 Friday
	 Tuesday
	 Thursday
	 Thursday
	 Thursday
	 Thursday
	 Thursday
	 Thursday
	 Thursday
	 Thursday
	 Friday
	 Friday
	 Wednesday
	 Wednesday
	 Wednesday
	 Wednesday
	 Wednesday
	 Wednesday
	 Wednesday
	 Friday
	 Wednesday
	 Wednesday
	 Tuesday
	 Tuesday
	 Tuesday
	 Friday
	 Friday
	 Friday
	 Friday
	 Friday
	 Friday
	 Thursday
	 Thursday
	 Thursday
	 Thursday
	 Thursday
	 Thursday
	 Thursday
	 Thursday
	 Thursday
	 Thursday
	 Thursday
	 Thursday
	 Thursday
	 Friday
	 Wednesday
	 Wednesday
	 Friday
	 Friday
	 Thursday
	 Thursday
	 Thursday
	 Thursday
	 Wednesday
	 Thursday
	 Wednesday
	 Thursday
	 Thursday
	 Thursday
	 Tuesday
	 Wednesday
	 Friday
	 Thursday
	 Thursday
	 Thursday
	 Thursday
	 Friday
	 Friday
	 Friday
	 Friday
	 Friday
	 Tuesday
	 Tuesday
	 Thursday
	 Thursday
	 Thursday
	 Thursday
	 Tuesday
	 Tuesday
	 Thursday
	 Thursday
	 Thursday
	 Thursday
	 Thursday
	 Thursday
	 Thursday
	 Thursday
	 Wednesday
	 Friday
	 Tuesday
	 Friday
	 Friday
	 Wednesday
	 Wednesday
	 Wednesday
	 Wednesday
	 Wednesday
	 Wednesday
	 Wednesday
	 Wednesday
	 Wednesday
	 Wednesday
	 Thursday
	 Tuesday
	 Thursday
	 Thursday
	 Thursday
	 Thursday
	 Thursday
	 Tuesday
	 Thursday
	 Wednesday
	 Wednesday
	 Thursday
	 Thursday
	 Tuesday
	 Friday
	 Friday
	 Friday
	 Friday
	 Friday
	 Friday
	 Wednesday
	 Wednesday
	 Friday
	 Friday
	 Friday
	 Friday
	 Friday
	 Friday
	 Friday
	 Thursday
	 Thursday
	 Thursday
	 Thursday
	 Wednesday
	 Wednesday
	 Friday
	 Tuesday
	 Wednesday
	 Wednesday
	 Tuesday
	 Tuesday
	 Tuesday
	 Thursday
	 Wednesday
	 Wednesday
	 Wednesday
	 Wednesday
	 Wednesday
	 Wednesday
	 Wednesday
	 Wednesday
	 Wednesday
	 Wednesday
	 Friday
	 Friday
	 Friday
	 Friday
	 Friday
	 Friday
	 Friday
	 Friday
	 Friday
	 Tuesday
	 Tuesday
	 Tuesday
	 Wednesday
	 Wednesday
	 Wednesday
	 Tuesday
	 Tuesday
	 Tuesday
	 Thursday
	 Thursday
	 Thursday
	 Tuesday
	 Tuesday
	 Tuesday
	 Tuesday
	 Tuesday
	 Tuesday
	 Tuesday
	 Tuesday
	 Friday
	 Thursday
	 Tuesday
	 Tuesday
	 Wednesday
	 Thursday
	 Wednesday
	 Wednesday
	 Thursday
	 Friday
	 Friday
	 Friday
	 Friday
	 Friday
	 Tuesday
	 Friday
	 Friday
	 Thursday
	 Thursday
	 Thursday
	 Thursday
	 Thursday
	 Thursday
	 Thursday
	 Thursday
	 Thursday
	 Thursday
	 Thursday
	 Thursday
	 Friday
	 Thursday
	 Friday
	 Thursday
	 Friday
	 Friday
	 Friday
	 Friday
	 Friday
	 Friday
	 Friday
	 Friday
	 Friday
	 Friday
	 Thursday
	 Thursday
	 Wednesday
	 Thursday
	 Wednesday
	 Wednesday
	 Wednesday
	 Tuesday
	 Tuesday
	 Thursday
	 Thursday
	 Wednesday
	 Wednesday
	 Wednesday
	 Wednesday
	 Wednesday
	 Tuesday
	 Friday
	 Tuesday
	 Thursday
	 Wednesday
	 Wednesday
	 Tuesday
	 Thursday
	 Tuesday
	 Tuesday
	 Tuesday
	 Wednesday
	 Wednesday
	 Friday
	 Friday
	 Friday
	 Friday
	 Friday
	 Friday
	 Friday
	 Wednesday
	 Wednesday
	 Wednesday
	 Wednesday
	 Wednesday
	 Wednesday
	 Wednesday
	 Wednesday
	 Wednesday
	 Wednesday
	 Wednesday
	 Wednesday
	 Friday
	 Tuesday
	 Thursday
	 Friday
	 Friday
	 Friday
	 Friday
	 Friday
	 Tuesday
	 Friday
	 Tuesday
	 Wednesday
	 Wednesday
	 Friday
	 Friday
	 Friday
	 Friday
	 Friday
	 Thursday
	 Wednesday
	 Wednesday
	 Thursday
	 Wednesday
	 Thursday
	 Wednesday
	 Thursday
	 Thursday
	 Tuesday
	 Tuesday
	 Friday
	 Friday
	 Tuesday
	 Tuesday
	 Tuesday
	 Tuesday
	 Tuesday
	 Tuesday
	 Tuesday
	 Tuesday
	 Tuesday
	 Tuesday
	 Friday
	 Friday
	 Tuesday
	 Tuesday
	 Tuesday
	 Wednesday
	 Wednesday
	 Friday
	 Wednesday
	 Wednesday
	 Wednesday
	 Friday
	 Friday
	 Friday
	 Wednesday
	 Friday
	 Friday
	 Friday
	 Friday
	 Friday
	 Friday
	 Friday
	 Friday
	 Thursday
	 Thursday
	 Friday
	 Thursday
	 Thursday
	 Tuesday
	 Thursday
	 Friday
	 Friday
	 Friday
	 Friday
	 Friday
	 Friday
	 Friday
	 Thursday
	 Wednesday
	 Tuesday
	 Tuesday
	 Tuesday
	 Tuesday
	 Tuesday
	 Tuesday
	 Tuesday
	 Tuesday
	 Tuesday
	 Tuesday
	 Tuesday
	 Tuesday
	 Wednesday
	 Wednesday
	 Wednesday
	 Wednesday
	 Wednesday
	 Wednesday
	 Thursday
	 Thursday
	 Wednesday
	 Wednesday
	 Friday
	 Friday
	 Friday
	 Friday
	 Friday
	 Friday
	 Friday
	 Friday
	 Tuesday
	 Tuesday
	 Tuesday
	 Tuesday
	 Tuesday
	 Tuesday
	 Tuesday
	 Tuesday
	 Friday
	 Friday
	 Friday
	 Wednesday
	 Wednesday
	 Wednesday
	 Wednesday
	 Wednesday
	 Wednesday
	 Wednesday
	 Wednesday
	 Wednesday
	 Wednesday
	 Wednesday
	 Wednesday
	 Wednesday
	 Wednesday
	 Wednesday
	 Wednesday
	 Friday
	 Friday
	 Friday
	 Friday
	 Wednesday
	 Friday
	 Friday
	 Friday
	 Friday
	 Friday
	 Friday
	 Friday
	 Friday
	 Friday
	 Friday
	 Friday
	 Friday
	 Friday
	 Friday
	 Friday
	 Friday
	 Friday
	 Friday
	 Tuesday
	 Thursday
	 Thursday
	 Thursday
	 Thursday
	 Thursday
	 Thursday
	 Thursday
	 Thursday
	 Thursday
	 Tuesday
	 Tuesday
	 Friday
	 Friday
	 Friday
	 Thursday
	 Friday
	 Friday
	 Friday
	 Thursday
	 Thursday
	 Thursday
	 Thursday
	 Thursday
	 Thursday
	 Thursday
	 Thursday
	 Thursday
	 Thursday
	 Thursday
	 Thursday
	 Thursday
	 Thursday
	 Thursday
	 Tuesday
	 Thursday
	 Thursday
	 Thursday
	 Friday
	 Wednesday
	 Wednesday
	 Thursday
	 Thursday
	 Thursday
	 Wednesday
	 Tuesday
	 Tuesday
	 Tuesday
	 Tuesday
	 Tuesday
	 Tuesday
	 Tuesday
	 Tuesday
	 Tuesday
	 Tuesday
	 Tuesday
	 Thursday
	 Wednesday
	 Wednesday
	 Friday
	 Tuesday
	 Tuesday
	 Tuesday
	 Tuesday
	 Tuesday
	 Wednesday
	 Friday
	 Thursday
	 Friday
	 Wednesday
	 Wednesday
	 Wednesday
	 Wednesday
	 Wednesday
	 Wednesday
	 Tuesday
	 Friday
	 Tuesday
	 Wednesday
	 Friday
	 Friday
	 Thursday
	 Wednesday
	 Thursday
	 Thursday
	 Tuesday
	 Tuesday
	 Tuesday
	 Wednesday
	 Thursday
	 Thursday
	 Friday
	 Friday
	 Tuesday
	 Tuesday
	 Friday
	 Tuesday
	 Tuesday
	 Tuesday
	 Wednesday
	 Thursday
	 Friday
	 Friday
	 Friday
	 Friday
	 Friday
	 Friday
	 Tuesday
	 Friday
	 Wednesday
	 Wednesday
	 Wednesday
	 Wednesday
	 Wednesday
	 Wednesday
	 Wednesday
	 Wednesday
	 Wednesday
	 Thursday
	 Wednesday
	 Tuesday
	 Tuesday
	 Tuesday
	 Tuesday
	 Friday
	 Friday
	 Tuesday
	 Wednesday
	 Thursday
	 Friday
	 Friday
	 Tuesday
	 Wednesday
	 Wednesday
	 Wednesday
	 Wednesday
	 Friday
	 Tuesday
	 Friday
	 Friday
	 Friday
	 Friday
	 Friday
	 Tuesday
	 Tuesday
	 Wednesday
	 Wednesday
	 Wednesday
	 Wednesday
	 Thursday
	 Friday
	 Friday
	 Thursday
	 Thursday
	 Thursday
	 Thursday
	 Wednesday
	 Wednesday
	 Thursday
	 Thursday
	 Friday
	 Thursday
	 Friday
	 Thursday
	 Friday
	 Friday
	 Friday
	 Friday
	 Friday
	 Thursday
	 Friday
	 Thursday
	 Thursday
	 Thursday
	 Thursday
	 Thursday
	 Tuesday
	 Friday
	 Friday
	 Tuesday
	 Tuesday
	 Friday
	 Tuesday
	 Tuesday
	 Tuesday
	 Tuesday
	 Tuesday
	 Tuesday
	 Tuesday
	 Tuesday
	 Tuesday
	 Friday
	 Tuesday
	 Tuesday
	 Tuesday
	 Tuesday
	 Friday
	 Friday
	 Friday
	 Friday
	 Friday
	 Friday
	 Friday
	 Friday
	 Friday
	 Friday
	 Friday
	 Friday
	 Friday
	 Friday
	 Friday
	 Friday
	 Friday
	 Friday
	 Thursday
	 Tuesday
	 Tuesday
	 Tuesday
	 Tuesday
	 Tuesday
	 Tuesday
	 Tuesday
	 Friday
	 Wednesday
	 Wednesday
	 Wednesday
	 Friday
	 Wednesday
	 Thursday
	 Thursday
	 Thursday
	 Thursday
	 Tuesday
	 Tuesday
	 Friday
	 Tuesday
	 Wednesday
	 Friday
	 Friday
	 Thursday
	 Thursday
	 Thursday
	 Thursday
	 Thursday
	 Tuesday
	 Wednesday
	 Friday
	 Friday
	 Friday
	 Friday
	 Thursday
	 Friday
	 Friday
	 Friday
	 Friday
	 Friday
	 Friday
	 Friday
	 Friday
	 Friday
	 Friday
	 Friday
	 Thursday
	 Friday
	 Tuesday
	 Tuesday
	 Wednesday
	 Tuesday
	 Tuesday
	 Thursday
	 Friday
	 Tuesday
	 Thursday
	 Thursday
	 Thursday
	 Wednesday
	 Wednesday
	 Friday
	 Tuesday
	 Thursday
	 Thursday
	 Thursday
	 Thursday
	 Thursday
	 Wednesday
	 Wednesday
	 Tuesday
	 Thursday
	 Thursday
	 Thursday
	 Tuesday
	 Tuesday
	 Friday
	 Friday
	 Friday
	 Tuesday
	 Tuesday
	 Tuesday
	 Wednesday
	 Thursday
	 Wednesday
	 Wednesday
	 Wednesday
	 Thursday
	 Tuesday
	 Tuesday
	 Tuesday
	 Friday
	 Wednesday
	 Wednesday
	 Wednesday
	 Wednesday
	 Thursday
	 Thursday
	 Tuesday
	 Tuesday
	 Tuesday
	 Tuesday
	 Tuesday
	 Tuesday
	 Tuesday
	 Tuesday
	 Tuesday
	 Tuesday
	 Tuesday
	 Tuesday
	 Wednesday
	 Tuesday
	 Friday
	 Friday
	 Friday
	 Thursday
	 Thursday
	 Thursday
	 Thursday
	 Thursday
	 Thursday
	 Thursday
	 Thursday
	 Thursday
	 Thursday
	 Wednesday
	 Wednesday
	 Thursday
	 Thursday
	 Thursday
	 Friday
	 Friday
	 Wednesday
	 Tuesday
	 Tuesday
	 Thursday
	 Thursday
	 Thursday
	 Thursday
	 Tuesday
	 Friday
	 Friday
	 Tuesday
	 Thursday
	 Thursday
	 Friday
	 Thursday
	 Thursday
	 Friday
	 Wednesday
	 Wednesday
	 Wednesday
	 Wednesday
	 Friday
	 Thursday
	 Tuesday
	 Tuesday
	 Friday
	 Friday
	 Friday
	 Tuesday
	 Tuesday
	 Friday
	 Wednesday
	 Wednesday
	 Thursday
	 Friday
	 Friday
	 Thursday
	 Thursday
	 Thursday
	 Wednesday
	 Wednesday
	 Friday
	 Wednesday
	 Wednesday
	 Wednesday
	 Tuesday
	 Wednesday
	 Thursday
	 Tuesday
	 Tuesday
	 Tuesday
	 Tuesday
	 Thursday
	 Thursday
	 Wednesday
	 Friday
	 Thursday
	 Friday
	 Wednesday
	 Thursday
	 Thursday
	 Thursday
	 Friday
	 Thursday
	 Tuesday
	 Tuesday
	 Thursday
	 Thursday
	 Wednesday
	 Wednesday
	 Wednesday
	 Wednesday
	 Wednesday
	 Wednesday
	 Wednesday
	 Friday
	 Wednesday
	 Thursday
	 Thursday
	 Thursday
	 Thursday
	 Thursday
	 Thursday
	 Thursday
	 Thursday
	 Thursday
	 Thursday
	 Wednesday
	 Thursday
	 Thursday
	 Thursday
	 Thursday
	 Thursday
	 Thursday
	 Tuesday
	 Tuesday
	 Tuesday
	 Tuesday
	 Tuesday
	 Tuesday
	 Tuesday
	 Tuesday
	 Tuesday
	 Thursday
	 Thursday
	 Tuesday
	 Thursday
	 Thursday
	 Tuesday
	 Tuesday
	 Friday
	 Friday
	 Tuesday
	 Tuesday
	 Tuesday
	 Wednesday
	 Tuesday
	 Tuesday
	 Tuesday
	 Tuesday
	 Tuesday
	 Wednesday
	 Tuesday
	 Thursday
	 Friday
	 Wednesday
	 Wednesday
	 Wednesday
	 Wednesday
	 Wednesday
	 Thursday
	 Tuesday
	 Friday
	 Tuesday
	 Friday
	 Friday
	 Wednesday
	 Wednesday
	 Friday
	 Thursday
	 Tuesday
	 Wednesday
	 Wednesday
	 Wednesday
	 Wednesday
	 Wednesday
	 Wednesday
	 Friday
	 Thursday
	 Thursday
	 Tuesday
	 Thursday
	 Wednesday
	 Wednesday
	 Wednesday
	 Tuesday
	 Tuesday
	 Wednesday
	 Wednesday
	 Friday
	 Friday
	 Thursday
	 Thursday
	 Thursday
	 Thursday
	 Thursday
	 Thursday
	 Tuesday
	 Tuesday
	 Tuesday
	 Tuesday
	 Thursday
	 Thursday
	 Thursday
	 Friday
	 Thursday
	 Thursday
	 Thursday
	 Thursday
	 Thursday
	 Thursday
	 Friday
	 Thursday
	 Thursday
	 Thursday
	 Friday
	 Thursday
	 Thursday
	 Thursday
	 Tuesday
	 Friday
	 Friday
	 Friday
	 Friday
	 Thursday
	 Wednesday
	 Tuesday
	 Tuesday
	 Tuesday
	 Tuesday
	 Tuesday
	 Wednesday
	 Wednesday
	 Friday
	 Friday
	 Friday
	 Friday
	 Friday
	 Tuesday
	 Thursday
	 Wednesday
	 Tuesday
	 Wednesday
	 Wednesday
	 Wednesday
	 Thursday
	 Thursday
	 Thursday
	 Thursday
	 Thursday
	 Thursday
	 Thursday
	 Thursday
	 Thursday
	 Thursday
	 Thursday
	 Thursday
	 Thursday
	 Tuesday
	 Wednesday
	 Tuesday
	 Thursday
	 Wednesday
	 Thursday
	 Friday
	 Friday
	 Friday
	 Friday
	 Friday
	 Friday
	 Wednesday
	 Tuesday
	 Wednesday
	 Wednesday
	 Friday
	 Friday
	 Friday
	 Friday
	 Friday
	 Friday
	 Friday
	 Friday
	 Thursday
	 Thursday
	 Thursday
	 Thursday
	 Thursday
	 Tuesday
	 Wednesday
	 Wednesday
	 Friday
	 Friday
	 Friday
	 Wednesday
	 Wednesday
	 Wednesday
	 Friday
	 Tuesday
	 Tuesday
	 Tuesday
	 Thursday
	 Tuesday
	 Wednesday
	 Friday
	 Thursday
	 Tuesday
	 Tuesday
	 Tuesday
	 Tuesday
	 Wednesday
	 Wednesday
	 Wednesday
	 Wednesday
	 Wednesday
	 Wednesday
	 Wednesday
	 Wednesday
	 Thursday
	 Tuesday
	 Thursday
	 Thursday
	 Friday
	 Thursday
	 Thursday
	 Friday
	 Friday
	 Tuesday
	 Wednesday
	 Friday
	 Friday
	 Wednesday
	 Thursday
	 Thursday
	 Thursday
	 Thursday
	 Thursday
	 Thursday
	 Wednesday
	 Tuesday
	 Thursday
	 Tuesday
	 Wednesday
	 Wednesday
	 Wednesday
	 Wednesday
	 Wednesday
	 Wednesday
	 Tuesday
	 Tuesday
	 Tuesday
	 Tuesday
	 Tuesday
	 Tuesday
	 Tuesday
	 Tuesday
	 Tuesday
	 Tuesday
	 Tuesday
	 Tuesday
	 Tuesday
	 Tuesday
	 Tuesday
	 Tuesday
	 Tuesday
	 Tuesday
	 Tuesday
	 Tuesday
	 Tuesday
	 Tuesday
	 Tuesday
	 Tuesday
	 Tuesday
	 Tuesday
	 Friday
	 Tuesday
	 Friday
	 Wednesday
	 Friday
	 Friday
	 Tuesday
	 Tuesday
	 Wednesday
	 Wednesday
	 Wednesday
	 Wednesday
	 Wednesday
	 Wednesday
	 Wednesday
	 Wednesday
	 Wednesday
	 Wednesday
	 Wednesday
	 Wednesday
	 Wednesday
	 Thursday
	 Tuesday
	 Friday
	 Thursday
	 Thursday
	 Thursday
	 Wednesday
	 Wednesday
	 Wednesday
	 Wednesday
	 Wednesday
	 Wednesday
	 Wednesday
	 Wednesday
	 Wednesday
	 Thursday
	 Thursday
	 Thursday
	 Thursday
	 Friday
	 Tuesday
	 Tuesday
	 Tuesday
	 Tuesday
	 Tuesday
	 Tuesday
	 Tuesday
	 Tuesday
	 Tuesday
	 Tuesday
	 Tuesday
	 Tuesday
	 Tuesday
	 Tuesday
	 Tuesday
	 Tuesday
	 Tuesday
	 Tuesday
	 Tuesday
	 Tuesday
	 Friday
	 Tuesday
	 Tuesday
	 Thursday
	 Thursday
	 Tuesday
	 Friday
	 Thursday
	 Thursday
	 Friday
	 Thursday
	 Wednesday
	 Tuesday
	 Wednesday
	 Thursday
	 Wednesday
	 Wednesday
	 Wednesday
	 Wednesday
	 Wednesday
	 Wednesday
	 Wednesday
	 Tuesday
	 Wednesday
	 Wednesday
	 Wednesday
	 Wednesday
	 Wednesday
	 Thursday
	 Wednesday
	 Thursday
	 Thursday
	 Thursday
	 Thursday
	 Thursday
	 Thursday
	 Thursday
	 Wednesday
	 Thursday
	 Friday
	 Friday
	 Friday
	 Friday
	 Friday
	 Friday
	 Tuesday
	 Thursday
	 Wednesday
	 Friday
	 Friday
	 Friday
	 Thursday
	 Thursday
	 Friday
	 Wednesday
	 Wednesday
	 Friday
	 Friday
	 Friday
	 Wednesday
	 Wednesday
	 Wednesday
	 Wednesday
	 Thursday
	 Wednesday
	 Tuesday
	 Tuesday
	 Tuesday
	 Tuesday
	 Tuesday
	 Thursday
	 Thursday
	 Wednesday
	 Wednesday
	 Wednesday
	 Friday
	 Wednesday
	 Tuesday
	 Friday
	 Thursday
	 Thursday
	 Thursday
	 Tuesday
	 Tuesday
	 Thursday
	 Friday
	 Tuesday
	 Tuesday
	 Friday
	 Friday
	 Friday
	 Friday
	 Friday
	 Thursday
	 Friday
	 Wednesday
	 Tuesday
	 Friday
	 Friday
	 Friday
	 Tuesday
	 Tuesday
	 Thursday
	 Thursday
	 Friday
	 Friday
	 Tuesday
	 Tuesday
	 Thursday
	 Thursday
	 Thursday
	 Tuesday
	 Wednesday
	 Wednesday
	 Wednesday
	 Wednesday
	 Tuesday
	 Tuesday
	 Tuesday
	 Tuesday
	 Tuesday
	 Wednesday
	 Wednesday
	 Friday
	 Thursday
	 Friday
	 Thursday
	 Thursday
	 Tuesday
	 Wednesday
	 Wednesday
	 Wednesday
	 Wednesday
	 Friday
	 Friday
	 Tuesday
	 Tuesday
	 Friday
	 Tuesday
	 Tuesday
	 Tuesday
	 Tuesday
	 Friday
	 Tuesday
	 Tuesday
	 Tuesday
	 Tuesday
	 Friday
	 Tuesday
	 Tuesday
	 Thursday
	 Thursday
	 Tuesday
	 Thursday
	 Friday
	 Friday
	 Friday
	 Friday
	 Thursday
	 Thursday
	 Thursday
	 Thursday
	 Thursday
	 Thursday
	 Thursday
	 Friday
	 Tuesday
	 Friday
	 Friday
	 Friday
	 Wednesday
	 Wednesday
	 Tuesday
	 Thursday
	 Tuesday
	 Friday
	 Wednesday
	 Wednesday
	 Wednesday
	 Friday
	 Friday
	 Tuesday
	 Tuesday
	 Tuesday
	 Tuesday
	 Tuesday
	 Tuesday
	 Tuesday
	 Tuesday
	 Tuesday
	 Tuesday
	 Thursday
	 Tuesday
	 Tuesday
	 Thursday
	 Thursday
	 Thursday
	 Thursday
	 Thursday
	 Thursday
	 Thursday
	 Thursday
	 Thursday
	 Tuesday
	 Tuesday
	 Thursday
	 Thursday
	 Thursday
	 Tuesday
	 Friday
	 Friday
	 Friday
	 Friday
	 Friday
	 Friday
	 Friday
	 Friday
	 Friday
	 Friday
	 Friday
	 Friday
	 Thursday
	 Thursday
	 Thursday
	 Thursday
	 Thursday
	 Thursday
	 Thursday
	 Thursday
	 Thursday
	 Thursday
	 Thursday
	 Thursday
	 Thursday
	 Tuesday
	 Tuesday
	 Tuesday
	 Tuesday
	 Tuesday
	 Thursday
	 Wednesday
	 Wednesday
	 Thursday
	 Thursday
	 Thursday
	 Thursday
	 Thursday
	 Thursday
	 Thursday
	 Tuesday
	 Tuesday
	 Tuesday
	 Tuesday
	 Tuesday
	 Tuesday
	 Tuesday
	 Tuesday
	 Tuesday
	 Thursday
	 Tuesday
	 Tuesday
	 Tuesday
	 Wednesday
	 Friday
	 Thursday
	 Thursday
	 Tuesday
	 Tuesday
	 Friday
	 Friday
	 Wednesday
	 Tuesday
	 Thursday
	 Friday
	 Friday
	 Friday
	 Friday
	 Thursday
	 Tuesday
	 Thursday
	 Wednesday
	 Wednesday
	 Wednesday
	 Wednesday
	 Friday
	 Friday
	 Friday
	 Friday
	 Friday
	 Friday
	 Friday
	 Wednesday
	 Thursday
	 Tuesday
	 Wednesday
	 Wednesday
	 Wednesday
	 Wednesday
	 Wednesday
	 Wednesday
	 Wednesday
	 Wednesday
	 Friday
	 Friday
	 Wednesday
	 Friday
	 Friday
	 Friday
	 Tuesday
	 Friday
	 Tuesday
	 Wednesday
	 Thursday
	 Friday
	 Thursday
	 Thursday
	 Friday
	 Thursday
	 Thursday
	 Friday
	 Wednesday
	 Thursday
	 Friday
	 Friday
	 Thursday
	 Thursday
	 Tuesday
	 Tuesday
	 Tuesday
	 Tuesday
	 Tuesday
	 Friday
	 Friday
	 Thursday
	 Thursday
	 Thursday
	 Friday
	 Friday
	 Tuesday
	 Tuesday
	 Tuesday
	 Thursday
	 Friday
	 Wednesday
	 Wednesday
	 Wednesday
	 Wednesday
	 Wednesday
	 Wednesday
	 Wednesday
	 Wednesday
	 Wednesday
	 Wednesday
	 Friday
	 Wednesday
	 Thursday
	 Tuesday
	 Tuesday
	 Thursday
	 Thursday
	 Friday
	 Friday
	 Friday
	 Friday
	 Friday
	 Wednesday
	 Thursday
	 Thursday
	 Thursday
	 Thursday
	 Thursday
	 Thursday
	 Thursday
	 Thursday
	 Friday
	 Friday
	 Tuesday
	 Wednesday
	 Friday
	 Friday
	 Friday
	 Friday
	 Wednesday
	 Wednesday
	 Wednesday
	 Wednesday
	 Wednesday
	 Wednesday
	 Friday
	 Friday
	 Friday
	 Friday
	 Wednesday
	 Tuesday
	 Thursday
	 Friday
	 Wednesday
	 Wednesday
	 Wednesday
	 Wednesday
	 Thursday
	 Wednesday
	 Wednesday
	 Tuesday
	 Tuesday
	 Wednesday
	 Wednesday
	 Wednesday
	 Wednesday
	 Friday
	 Tuesday
	 Thursday
	 Wednesday
	 Tuesday
	 Wednesday
	 Wednesday
	 Tuesday
	 Tuesday
	 Tuesday
	 Tuesday
	 Tuesday
	 Tuesday
	 Thursday
	 Tuesday
	 Tuesday
	 Tuesday
	 Tuesday
	 Tuesday
	 Tuesday
	 Wednesday
	 Wednesday
	 Wednesday
	 Friday
	 Wednesday
	 Thursday
	 Tuesday
	 Tuesday
	 Tuesday
	 Friday
	 Friday
	 Friday
	 Friday
	 Friday
	 Friday
	 Friday
	 Friday
	 Friday
	 Tuesday
	 Friday
	 Thursday
	 Tuesday
	 Friday
	 Friday
	 Thursday
	 Wednesday
	 Friday
	 Tuesday
	 Tuesday
	 Thursday
	 Thursday
	 Thursday
	 Thursday
	 Thursday
	 Tuesday
	 Friday
	 Thursday
	 Thursday
	 Tuesday
	 Thursday
	 Friday
	 Thursday
	 Friday
	 Friday
	 Thursday
	 Thursday
	 Thursday
	 Thursday
	 Thursday
	 Wednesday
	 Wednesday
	 Wednesday
	 Wednesday
	 Tuesday
	 Tuesday
	 Tuesday
	 Tuesday
	 Thursday
	 Thursday
	 Tuesday
	 Tuesday
	 Tuesday
	 Tuesday
	 Tuesday
	 Tuesday
	 Thursday
	 Tuesday
	 Tuesday
	 Tuesday
	 Tuesday
	 Thursday
	 Thursday
	 Thursday
	 Tuesday
	 Wednesday
	 Wednesday
	 Wednesday
	 Tuesday
	 Tuesday
	 Tuesday
	 Tuesday
	 Tuesday
	 Tuesday
	 Tuesday
	 Tuesday
	 Tuesday
	 Tuesday
	 Tuesday
	 Tuesday
	 Tuesday
	 Thursday
	 Thursday
	 Thursday
	 Thursday
	 Wednesday
	 Wednesday
	 Wednesday
	 Wednesday
	 Wednesday
	 Wednesday
	 Wednesday
	 Wednesday
	 Wednesday
	 Friday
	 Tuesday
	 Tuesday
	 Thursday
	 Wednesday
	 Wednesday
	 Wednesday
	 Wednesday
	 Wednesday
	 Thursday
	 Tuesday
	 Friday
	 Tuesday
	 Thursday
	 Thursday
	 Wednesday
	 Tuesday
	 Thursday
	 Thursday
	 Thursday
	 Wednesday
	 Thursday
	 Friday
	 Wednesday
	 Wednesday
	 Thursday
	 Wednesday
	 Wednesday
	 Friday
	 Friday
	 Thursday
	 Thursday
	 Wednesday
	 Wednesday
	 Tuesday
	 Friday
	 Thursday
	 Thursday
	 Tuesday
	 Tuesday
	 Tuesday
	 Tuesday
	 Friday
	 Friday
	 Friday
	 Friday
	 Friday
	 Friday
	 Friday
	 Friday
	 Friday
	 Friday
	 Friday
	 Friday
	 Friday
	 Thursday
	 Thursday
	 Thursday
	 Thursday
	 Thursday
	 Thursday
	 Thursday
	 Thursday
	 Wednesday
	 Wednesday
	 Wednesday
	 Tuesday
	 Friday
	 Friday
	 Wednesday
	 Tuesday
	 Wednesday
	 Wednesday
	 Friday
	 Tuesday
	 Tuesday
	 Tuesday
	 Tuesday
	 Wednesday
	 Wednesday
	 Wednesday
	 Wednesday
	 Wednesday
	 Tuesday
	 Tuesday
	 Tuesday
	 Tuesday
	 Friday
	 Friday
	 Friday
	 Wednesday
	 Thursday
	 Thursday
	 Thursday
	 Thursday
	 Thursday
	 Thursday
	 Thursday
	 Tuesday
	 Tuesday
	 Tuesday
	 Tuesday
	 Tuesday
	 Tuesday
	 Tuesday
	 Tuesday
	 Friday
	 Thursday
	 Friday
	 Tuesday
	 Thursday
	 Thursday
	 Thursday
	 Thursday
	 Thursday
	 Thursday
	 Wednesday
	 Thursday
	 Wednesday
	 Tuesday
	 Friday
	 Thursday
	 Thursday
	 Wednesday
	 Wednesday
	 Friday
	 Tuesday
	 Tuesday
	 Thursday
	 Friday
	 Tuesday
	 Tuesday
	 Tuesday
	 Wednesday
	 Tuesday
	 Wednesday
	 Wednesday
	 Friday
	 Friday
	 Friday
	 Friday
	 Friday
	 Wednesday
	 Wednesday
	 Thursday
	 Thursday
	 Wednesday
	 Tuesday
	 Friday
	 Wednesday
	 Thursday
	 Friday
	 Wednesday
	 Wednesday
	 Wednesday
	 Wednesday
	 Wednesday
	 Wednesday
	 Wednesday
	 Tuesday
	 Tuesday
	 Tuesday
	 Wednesday
	 Wednesday
	 Wednesday
	 Thursday
	 Wednesday
	 Thursday
	 Thursday
	 Friday
	 Wednesday
	 Wednesday
	 Wednesday
	 Friday
	 Wednesday
	 Wednesday
	 Wednesday
	 Wednesday
	 Wednesday
	 Wednesday
	 Wednesday
	 Wednesday
	 Friday
	 Friday
	 Friday
	 Tuesday
	 Friday
	 Friday
	 Thursday
	 Friday
	 Friday
	 Friday
	 Friday
	 Friday
	 Friday
	 Friday
	 Friday
	 Tuesday
	 Friday
	 Friday
	 Friday
	 Friday
	 Friday
	 Tuesday
	 Tuesday
	 Tuesday
	 Wednesday
	 Tuesday
	 Tuesday
	 Wednesday
	 Wednesday
	 Tuesday
	 Tuesday
	 Thursday
	 Thursday
	 Thursday
	 Wednesday
	 Wednesday
	 Wednesday
	 Wednesday
	 Thursday
	 Wednesday
	 Wednesday
	 Wednesday
	 Wednesday
	 Wednesday
	 Wednesday
	 Wednesday
	 Wednesday
	 Tuesday
	 Friday
	 Thursday
	 Thursday
	 Thursday
	 Thursday
	 Thursday
	 Thursday
	 Thursday
	 Thursday
	 Thursday
	 Thursday
	 Wednesday
	 Friday
	 Wednesday
	 Wednesday
	 Wednesday
	 Tuesday
	 Thursday
	 Thursday
	 Friday
	 Thursday
	 Friday
	 Friday
	 Friday
	 Friday
	 Friday
	 Friday
	 Friday
	 Friday
	 Friday
	 Friday
	 Friday
	 Thursday
	 Wednesday
	 Wednesday
	 Wednesday
	 Wednesday
	 Wednesday
	 Tuesday
	 Tuesday
	 Wednesday
	 Tuesday
	 Tuesday
	 Tuesday
	 Tuesday
	 Tuesday
	 Tuesday
	 Tuesday
	 Tuesday
	 Tuesday
	 Tuesday
	 Tuesday
	 Tuesday
	 Tuesday
	 Tuesday
	 Tuesday
	 Tuesday
	 Tuesday
	 Wednesday
	 Friday
	 Wednesday
	 Wednesday
	 Wednesday
	 Wednesday
	 Wednesday
	 Wednesday
	 Friday
	 Friday
	 Friday
	 Friday
	 Friday
	 Wednesday
	 Wednesday
	 Tuesday
	 Tuesday
	 Wednesday
	 Wednesday
	 Friday
	 Thursday
	 Thursday
	 Tuesday
	 Tuesday
	 Thursday
	 Wednesday
	 Wednesday
	 Wednesday
	 Thursday
	 Thursday
	 Thursday
	 Thursday
	 Thursday
	 Tuesday
	 Tuesday
	 Tuesday
	 Friday
	 Tuesday
	 Friday
	 Friday
	 Tuesday
	 Thursday
	 Friday
	 Wednesday
	 Thursday
	 Friday
	 Friday
	 Thursday
	 Tuesday
	 Tuesday
	 Tuesday
	 Friday
	 Wednesday
	 Thursday
	 Thursday
	 Thursday
	 Wednesday
	 Wednesday
	 Wednesday
	 Wednesday
	 Thursday
	 Tuesday
	 Wednesday
	 Thursday
	 Friday
	 Friday
	 Friday
	 Friday
	 Friday
	 Friday
	 Friday
	 Friday
	 Friday
	 Friday
	 Friday
	 Friday
	 Friday
	 Friday
	 Friday
	 Friday
	 Friday
	 Friday
	 Friday
	 Friday
	 Friday
	 Friday
	 Friday
	 Friday
	 Friday
	 Friday
	 Wednesday
	 Thursday
	 Wednesday
	 Wednesday
	 Thursday
	 Thursday
	 Tuesday
	 Thursday
	 Thursday
	 Thursday
	 Thursday
	 Thursday
	 Thursday
	 Thursday
	 Thursday
	 Friday
	 Tuesday
	 Tuesday
	 Tuesday
	 Friday
	 Thursday
	 Thursday
	 Thursday
	 Thursday
	 Thursday
	 Thursday
	 Thursday
	 Thursday
	 Thursday
	 Tuesday
	 Tuesday
	 Wednesday
	 Friday
	 Friday
	 Thursday
	 Thursday
	 Thursday
	 Tuesday
	 Tuesday
	 Tuesday
	 Friday
	 Friday
	 Friday
	 Friday
	 Friday
	 Friday
	 Friday
	 Friday
	 Friday
	 Friday
	 Friday
	 Friday
	 Friday
	 Thursday
	 Friday
	 Tuesday
	 Tuesday
	 Tuesday
	 Tuesday
	 Tuesday
	 Tuesday
	 Tuesday
	 Tuesday
	 Thursday
	 Tuesday
	 Thursday
	 Thursday
	 Thursday
	 Wednesday
	 Wednesday
	 Friday
	 Wednesday
	 Friday
	 Tuesday
	 Friday
	 Wednesday
	 Wednesday
	 Thursday
	 Friday
	 Tuesday
	 Thursday
	 Friday
	 Wednesday
	 Wednesday
	 Friday
	 Thursday
	 Thursday
	 Wednesday
	 Thursday
	 Tuesday
	 Tuesday
	 Friday
	 Friday
	 Friday
	 Friday
	 Friday
	 Friday
	 Friday
	 Friday
	 Friday
	 Friday
	 Friday
	 Friday
	 Friday
	 Friday
	 Wednesday
	 Thursday
	 Thursday
	 Friday
	 Friday
	 Thursday
	 Tuesday
	 Tuesday
	 Friday
	 Friday
	 Wednesday
	 Wednesday
	 Wednesday
	 Wednesday
	 Thursday
	 Wednesday
	 Friday
	 Wednesday
	 Thursday
	 Thursday
	 Wednesday
	 Wednesday
	 Wednesday
	 Wednesday
	 Wednesday
	 Wednesday
	 Wednesday
	 Wednesday
	 Wednesday
	 Thursday
	 Thursday
	 Thursday
	 Thursday
	 Wednesday
	 Thursday
	 Thursday
	 Wednesday
	 Wednesday
	 Thursday
	 Wednesday
	 Wednesday
	 Wednesday
	 Thursday
	 Thursday
	 Friday
	 Friday
	 Friday
	 Friday
	 Friday
	 Friday
	 Friday
	 Friday
	 Wednesday
	 Wednesday
	 Friday
	 Friday
	 Wednesday
	 Friday
	 Friday
	 Thursday
	 Thursday
	 Thursday
	 Tuesday
	 Tuesday
	 Friday
	 Friday
	 Tuesday
	 Tuesday
	 Thursday
	 Thursday
	 Thursday
	 Thursday
	 Thursday
	 Thursday
	 Thursday
	 Thursday
	 Thursday
	 Thursday
	 Thursday
	 Thursday
	 Thursday
	 Thursday
	 Thursday
	 Wednesday
	 Wednesday
	 Wednesday
	 Wednesday
	 Wednesday
	 Wednesday
	 Wednesday
	 Wednesday
	 Wednesday
	 Wednesday
	 Thursday
	 Wednesday
	 Tuesday
	 Thursday
	 Thursday
	 Friday
	 Friday
	 Thursday
	 Wednesday
	 Friday
	 Wednesday
	 Friday
	 Friday
	 Friday
	 Friday
	 Friday
	 Wednesday
	 Wednesday
	 Tuesday
	 Wednesday
	 Friday
	 Friday
	 Thursday
	 Friday
	 Thursday
	 Tuesday
	 Tuesday
	 Tuesday
	 Tuesday
	 Tuesday
	 Tuesday
	 Tuesday
	 Thursday
	 Thursday
	 Thursday
	 Thursday
	 Wednesday
	 Wednesday
	 Thursday
	 Wednesday
	 Thursday
	 Thursday
	 Tuesday
	 Tuesday
	 Tuesday
	 Tuesday
	 Friday
	 Friday
	 Thursday
	 Tuesday
	 Wednesday
	 Tuesday
	 Tuesday
	 Tuesday
	 Tuesday
	 Tuesday
	 Tuesday
	 Tuesday
	 Tuesday
	 Tuesday
	 Tuesday
	 Tuesday
	 Tuesday
	 Tuesday
	 Tuesday
	 Thursday
	 Thursday
	 Thursday
	 Thursday
	 Friday
	 Friday
	 Friday
	 Tuesday
	 Tuesday
	 Tuesday
	 Tuesday
	 Tuesday
	 Wednesday
	 Wednesday
	 Friday
	 Friday
	 Thursday
	 Thursday
	 Wednesday
	 Wednesday
	 Thursday
	 Wednesday
	 Thursday
	 Friday
	 Wednesday
	 Wednesday
	 Wednesday
	 Wednesday
	 Wednesday
	 Tuesday
	 Tuesday
	 Tuesday
	 Thursday
	 Friday
	 Tuesday
	 Tuesday
	 Friday
	 Friday
	 Friday
	 Friday
	 Friday
	 Friday
	 Friday
	 Friday
	 Friday
	 Friday
	 Friday
	 Friday
	 Thursday
	 Thursday
	 Tuesday
	 Thursday
	 Thursday
	 Tuesday
	 Tuesday
	 Friday
	 Friday
	 Friday
	 Friday
	 Thursday
	 Thursday
	 Thursday
	 Friday
	 Tuesday
	 Tuesday
	 Tuesday
	 Tuesday
	 Tuesday
	 Tuesday
	 Wednesday
	 Thursday
	 Tuesday
	 Tuesday
	 Friday
	 Wednesday
	 Wednesday
	 Wednesday
	 Wednesday
	 Wednesday
	 Thursday
	 Wednesday
	 Tuesday
	 Thursday
	 Tuesday
	 Thursday
	 Thursday
	 Tuesday
	 Tuesday
	 Tuesday
	 Friday
	 Wednesday
	 Tuesday
	 Friday
	 Tuesday
	 Friday
	 Thursday
	 Tuesday
	 Friday
	 Tuesday
	 Tuesday
	 Friday
	 Thursday
	 Friday
	 Thursday
	 Friday
	 Friday
	 Friday
	 Friday
	 Wednesday
	 Tuesday
	 Tuesday
	 Tuesday
	 Wednesday
	 Wednesday
	 Wednesday
	 Friday
	 Friday
	 Friday
	 Friday
	 Thursday
	 Friday
	 Wednesday
	 Friday
	 Thursday
	 Thursday
	 Wednesday
	 Wednesday
	 Wednesday
	 Wednesday
	 Wednesday
	 Wednesday
	 Wednesday
	 Wednesday
	 Wednesday
	 Wednesday
	 Wednesday
	 Friday
	 Friday
	 Friday
	 Friday
	 Friday
	 Friday
	 Friday
	 Friday
	 Friday
	 Friday
	 Friday
	 Thursday
	 Thursday
	 Thursday
	 Friday
	 Tuesday
	 Tuesday
	 Wednesday
	 Wednesday
	 Wednesday
	 Wednesday
	 Wednesday
	 Wednesday
	 Wednesday
	 Wednesday
	 Wednesday
	 Wednesday
	 Wednesday
	 Friday
	 Wednesday
	 Wednesday
	 Wednesday
	 Wednesday
	 Wednesday
	 Wednesday
	 Wednesday
	 Wednesday
	 Wednesday
	 Wednesday
	 Wednesday
	 Wednesday
	 Friday
	 Friday
	 Friday
	 Thursday
	 Tuesday
	 Friday
	 Thursday
	 Friday
	 Tuesday
	 Tuesday
	 Thursday
	 Tuesday
	 Wednesday
	 Wednesday
	 Wednesday
	 Wednesday
	 Tuesday
	 Tuesday
	 Tuesday
	 Tuesday
	 Tuesday
	 Tuesday
	 Tuesday
	 Tuesday
	 Tuesday
	 Wednesday
	 Wednesday
	 Wednesday
	 Wednesday
	 Wednesday
	 Tuesday
	 Thursday
	 Tuesday
	 Thursday
	 Thursday
	 Thursday
	 Thursday
	 Friday
	 Friday
	 Friday
	 Thursday
	 Friday
	 Friday
	 Thursday
	 Friday
	 Tuesday
	 Wednesday
	 Wednesday
	 Thursday
	 Thursday
	 Tuesday
	 Tuesday
	 Tuesday
	 Tuesday
	 Tuesday
	 Thursday
	 Thursday
	 Friday
	 Friday
	 Friday
	 Friday
	 Friday
	 Friday
	 Friday
	 Friday
	 Friday
	 Friday
	 Thursday
	 Friday
	 Friday
	 Friday
	 Friday
	 Tuesday
	 Tuesday
	 Wednesday
	 Wednesday
	 Wednesday
	 Thursday
	 Tuesday
	 Tuesday
	 Friday
	 Friday
	 Friday
	 Wednesday
	 Wednesday
	 Wednesday
	 Thursday
	 Wednesday
	 Wednesday
	 Thursday
	 Tuesday
	 Tuesday
	 Tuesday
	 Tuesday
	 Tuesday
	 Tuesday
	 Tuesday
	 Tuesday
	 Tuesday
	 Tuesday
	 Tuesday
	 Tuesday
	 Friday
	 Wednesday
	 Thursday
	 Friday
	 Tuesday
	 Tuesday
	 Tuesday
	 Tuesday
	 Tuesday
	 Friday
	 Friday
	 Friday
	 Tuesday
	 Tuesday
	 Tuesday
	 Tuesday
	 Thursday
	 Friday
	 Friday
	 Friday
	 Friday
	 Wednesday
	 Friday
	 Friday
	 Friday
	 Friday
	 Friday
	 Friday
	 Friday
	 Friday
	 Friday
	 Friday
	 Friday
	 Friday
	 Friday
	 Friday
	 Friday
	 Friday
	 Friday
	 Wednesday
	 Friday
	 Friday
	 Friday
	 Friday
	 Friday
	 Friday
	 Friday
	 Friday
	 Friday
	 Wednesday
	 Wednesday
	 Tuesday
	 Tuesday
	 Tuesday
	 Wednesday
	 Friday
	 Thursday
	 Wednesday
	 Wednesday
	 Wednesday
	 Wednesday
	 Friday
	 Tuesday
	 Thursday
	 Thursday
	 Thursday
	 Friday
	 Tuesday
	 Tuesday
	 Tuesday
	 Tuesday
	 Tuesday
	 Tuesday
	 Tuesday
	 Friday
	 Friday
	 Thursday
	 Thursday
	 Wednesday
	 Thursday
	 Tuesday
	 Tuesday
	 Tuesday
	 Tuesday
	 Tuesday
	 Thursday
	 Tuesday
	 Friday
	 Tuesday
	 Wednesday
	 Tuesday
	 Wednesday
	 Tuesday
	 Tuesday
	 Thursday
	 Thursday
	 Friday
	 Wednesday
	 Wednesday
	 Wednesday
	 Wednesday
	 Wednesday
	 Wednesday
	 Wednesday
	 Wednesday
	 Wednesday
	 Wednesday
	 Wednesday
	 Wednesday
	 Wednesday
	 Wednesday
	 Wednesday
	 Tuesday
	 Tuesday
	 Tuesday
	 Tuesday
	 Tuesday
	 Tuesday
	 Tuesday
	 Tuesday
	 Tuesday
	 Tuesday
	 Tuesday
	 Tuesday
	 Tuesday
	 Tuesday
	 Tuesday
	 Tuesday
	 Tuesday
	 Tuesday
	 Tuesday
	 Tuesday
	 Tuesday
	 Tuesday
	 Tuesday
	 Wednesday
	 Tuesday
	 Thursday
	 Friday
	 Thursday
	 Wednesday
	 Tuesday
	 Thursday
	 Tuesday
	 Tuesday
	 Friday
	 Thursday
	 Thursday
	 Thursday
	 Tuesday
	 Wednesday
	 Thursday
	 Tuesday
	 Friday
	 Tuesday
	 Tuesday
	 Wednesday
	 Tuesday
	 Friday
	 Wednesday
	 Tuesday
	 Tuesday
	 Wednesday
	 Friday
	 Wednesday
	 Friday
	 Wednesday
	 Wednesday
	 Wednesday
	 Wednesday
	 Wednesday
	 Wednesday
	 Tuesday
	 Friday
	 Friday
	 Tuesday
	 Thursday
	 Friday
	 Friday
	 Wednesday
	 Tuesday
	 Friday
	 Thursday
	 Wednesday
	 Tuesday
	 Friday
	 Friday
	 Friday
	 Friday
	 Friday
	 Friday
	 Friday
	 Friday
	 Friday
	 Friday
	 Thursday
	 Thursday
	 Thursday
	 Thursday
	 Thursday
	 Thursday
	 Thursday
	 Thursday
	 Thursday
	 Thursday
	 Thursday
	 Thursday
	 Thursday
	 Thursday
	 Thursday
	 Friday
	 Friday
	 Tuesday
	 Thursday
	 Friday
	 Tuesday
	 Thursday
	 Thursday
	 Thursday
	 Thursday
	 Tuesday
	 Thursday
	 Thursday
	 Thursday
	 Thursday
	 Wednesday
	 Wednesday
	 Wednesday
	 Wednesday
	 Wednesday
	 Wednesday
	 Friday
	 Friday
	 Wednesday
	 Tuesday
	 Thursday
	 Friday
	 Tuesday
	 Friday
	 Wednesday
	 Tuesday
	 Tuesday
	 Tuesday
	 Tuesday
	 Wednesday
	 Tuesday
	 Wednesday
	 Wednesday
	 Friday
	 Wednesday
	 Friday
	 Friday
	 Friday
	 Thursday
	 Thursday
	 Thursday
	 Wednesday
	 Wednesday
	 Wednesday
	 Wednesday
	 Friday
	 Friday
	 Friday
	 Friday
	 Friday
	 Wednesday
	 Tuesday
	 Tuesday
	 Wednesday
	 Wednesday
	 Wednesday
	 Tuesday
	 Wednesday
	 Tuesday
	 Friday
	 Thursday
	 Thursday
	 Thursday
	 Friday
	 Friday
	 Tuesday
	 Tuesday
	 Friday
	 Tuesday
	 Tuesday
	 Tuesday
	 Wednesday
	 Wednesday
	 Thursday
	 Thursday
	 Thursday
	 Friday
	 Friday
	 Friday
	 Friday
	 Friday
	 Friday
	 Friday
	 Friday
	 Friday
	 Friday
	 Friday
	 Friday
	 Friday
	 Friday
	 Friday
	 Friday
	 Thursday
	 Tuesday
	 Friday
	 Friday
	 Friday
	 Friday
	 Friday
	 Wednesday
	 Thursday
	 Wednesday
	 Wednesday
	 Thursday
	 Wednesday
	 Wednesday
	 Thursday
	 Thursday
	 Thursday
	 Tuesday
	 Thursday
	 Thursday
	 Thursday
	 Thursday
	 Friday
	 Tuesday
	 Friday
	 Thursday
	 Thursday
	 Thursday
	 Thursday
	 Wednesday
	 Wednesday
	 Friday
	 Friday
	 Friday
	 Friday
	 Friday
	 Friday
	 Friday
	 Friday
	 Friday
	 Wednesday
	 Wednesday
	 Tuesday
	 Tuesday
	 Tuesday
	 Tuesday
	 Tuesday
	 Friday
	 Friday
	 Friday
	 Thursday
	 Friday
	 Thursday
	 Tuesday
	 Friday
	 Thursday
	 Tuesday
	 Thursday
	 Thursday
	 Thursday
	 Thursday
	 Thursday
	 Thursday
	 Thursday
	 Thursday
	 Thursday
	 Thursday
	 Thursday
	 Thursday
	 Thursday
	 Thursday
	 Thursday
	 Thursday
	 Wednesday
	 Wednesday
	 Tuesday
	 Tuesday
	 Tuesday
	 Wednesday
	 Wednesday
	 Wednesday
	 Wednesday
	 Thursday
	 Thursday
	 Wednesday
	 Wednesday
	 Tuesday
	 Tuesday
	 Tuesday
	 Tuesday
	 Thursday
	 Thursday
	 Thursday
	 Wednesday
	 Thursday
	 Friday
	 Friday
	 Tuesday
	 Wednesday
	 Tuesday
	 Tuesday
	 Friday
	 Wednesday
	 Wednesday
	 Wednesday
	 Wednesday
	 Wednesday
	 Thursday
	 Thursday
	 Thursday
	 Wednesday
	 Friday
	 Friday
	 Tuesday
	 Thursday
	 Thursday
	 Wednesday
	 Thursday
	 Friday
	 Wednesday
	 Wednesday
	 Wednesday
	 Wednesday
	 Thursday
	 Wednesday
	 Wednesday
	 Wednesday
	 Tuesday
	 Tuesday
	 Thursday
	 Wednesday
	 Wednesday
	 Wednesday
	 Tuesday
	 Thursday
	 Thursday
	 Wednesday
	 Friday
	 Thursday
	 Thursday
	 Thursday
	 Wednesday
	 Thursday
	 Thursday
	 Tuesday
	 Wednesday
	 Wednesday
	 Friday
	 Wednesday
	 Wednesday
	 Thursday
	 Tuesday
	 Tuesday
	 Friday
	 Friday
	 Thursday
	 Thursday
	 Tuesday
	 Tuesday
	 Tuesday
	 Tuesday
	 Wednesday
	 Thursday
	 Friday
	 Wednesday
	 Wednesday
	 Thursday
	 Thursday
	 Wednesday
	 Thursday
	 Thursday
	 Wednesday
	 Wednesday
	 Wednesday
	 Friday
	 Thursday
	 Friday
	 Friday
	 Friday
	 Friday
	 Friday
	 Friday
	 Wednesday
	 Tuesday
	 Friday
	 Thursday
	 Thursday
	 Thursday
	 Friday
	 Wednesday
	 Tuesday
	 Tuesday
	 Friday
	 Tuesday
	 Thursday
	 Tuesday
	 Tuesday
	 Tuesday
	 Tuesday
	 Friday
	 Wednesday
	 Wednesday
	 Thursday
	 Friday
	 Friday
	 Friday
	 Wednesday
	 Tuesday
	 Thursday
	 Thursday
	 Tuesday
	 Thursday
	 Tuesday
	 Tuesday
	 Tuesday
	 Friday
	 Thursday
	 Friday
	 Tuesday
	 Wednesday
	 Wednesday
	 Wednesday
	 Friday
	 Friday
	 Friday
	 Tuesday
	 Tuesday
	 Tuesday
	 Tuesday
	 Tuesday
	 Tuesday
	 Tuesday
	 Tuesday
	 Tuesday
	 Tuesday
	 Tuesday
	 Tuesday
	 Tuesday
	 Tuesday
	 Tuesday
	 Tuesday
	 Tuesday
	 Tuesday
	 Tuesday
	 Tuesday
	 Tuesday
	 Wednesday
	 Tuesday
	 Tuesday
	 Tuesday
	 Tuesday
	 Tuesday
	 Thursday
	 Tuesday
	 Friday
	 Wednesday
	 Friday
	 Friday
	 Friday
	 Friday
	 Wednesday
	 Wednesday
	 Wednesday
	 Friday
	 Thursday
	 Thursday
	 Thursday
	 Thursday
	 Tuesday
	 Tuesday
	 Tuesday
	 Tuesday
	 Tuesday
	 Friday
	 Tuesday
	 Thursday
	 Wednesday
	 Wednesday
	 Friday
	 Tuesday
	 Friday
	 Thursday
	 Thursday
	 Thursday
	 Thursday
	 Tuesday
	 Friday
	 Friday
	 Tuesday
	 Wednesday
	 Friday
	 Tuesday
	 Tuesday
	 Wednesday
	 Tuesday
	 Friday
	 Wednesday
	 Thursday
	 Wednesday
	 Tuesday
	 Tuesday
	 Tuesday
	 Tuesday
	 Tuesday
	 Tuesday
	 Tuesday
	 Tuesday
	 Tuesday
	 Tuesday
	 Tuesday
	 Tuesday
	 Tuesday
	 Tuesday
	 Tuesday
	 Tuesday
	 Tuesday
	 Tuesday
	 Tuesday
	 Wednesday
	 Wednesday
	 Wednesday
	 Wednesday
	 Wednesday
	 Tuesday
	 Tuesday
	 Tuesday
	 Friday
	 Tuesday
	 Thursday
	 Tuesday
	 Tuesday
	 Tuesday
	 Tuesday
	 Friday
	 Friday
	 Friday
	 Wednesday
	 Wednesday
	 Wednesday
	 Wednesday
	 Wednesday
	 Wednesday
	 Wednesday
	 Wednesday
	 Wednesday
	 Wednesday
	 Friday
	 Friday
	 Friday
	 Friday
	 Friday
	 Thursday
	 Tuesday
	 Tuesday
	 Tuesday
	 Tuesday
	 Tuesday
	 Wednesday
	 Wednesday
	 Wednesday
	 Wednesday
	 Thursday
	 Wednesday
	 Wednesday
	 Friday
	 Friday
	 Friday
	 Friday
	 Friday
	 Wednesday
	 Tuesday
	 Thursday
	 Tuesday
	 Thursday
	 Friday
	 Thursday
	 Thursday
	 Thursday
	 Thursday
	 Friday
	 Wednesday
	 Thursday
	 Wednesday
	 Wednesday
	 Wednesday
	 Wednesday
	 Wednesday
	 Tuesday
	 Friday
	 Friday
	 Friday
	 Friday
	 Friday
	 Friday
	 Friday
	 Friday
	 Friday
	 Thursday
	 Thursday
	 Thursday
	 Friday
	 Friday
	 Friday
	 Thursday
	 Friday
	 Friday
	 Friday
	 Wednesday
	 Friday
	 Friday
	 Friday
	 Friday
	 Wednesday
	 Wednesday
	 Tuesday
	 Friday
	 Wednesday
	 Wednesday
	 Thursday
	 Thursday
	 Thursday
	 Thursday
	 Thursday
	 Thursday
	 Wednesday
	 Friday
	 Thursday
	 Friday
	 Friday
	 Tuesday
	 Wednesday
	 Wednesday
	 Wednesday
	 Wednesday
	 Wednesday
	 Wednesday
	 Wednesday
	 Wednesday
	 Wednesday
	 Friday
	 Friday
	 Thursday
	 Tuesday
	 Friday
	 Wednesday
	 Friday
	 Thursday
	 Thursday
	 Tuesday
	 Tuesday
	 Thursday
	 Thursday
	 Tuesday
	 Tuesday
	 Tuesday
	 Wednesday
	 Thursday
	 Friday
	 Thursday
	 Tuesday
	 Thursday
	 Friday
	 Wednesday
	 Friday
	 Tuesday
	 Thursday
	 Friday
	 Thursday
	 Wednesday
	 Thursday
	 Wednesday
	 Wednesday
	 Thursday
	 Friday
	 Wednesday
	 Friday
	 Wednesday
	 Friday
	 Thursday
	 Wednesday
	 Thursday
	 Tuesday
	 Thursday
	 Tuesday
	 Wednesday
	 Thursday
	 Tuesday
	 Wednesday
	 Thursday
	 Wednesday
	 Thursday
	 Tuesday
	 Wednesday
	 Thursday
	 Wednesday
	 Thursday
	 Wednesday
	 Friday
	 Thursday
	 Friday
	 Thursday
	 Thursday
	 Wednesday
	 Tuesday
	 Thursday
	 Thursday
	 Wednesday
	 Wednesday
	 Friday
	 Thursday
	 Friday
	 Wednesday
	 Friday
	 Tuesday
	 Thursday
	 Friday
	 Thursday
	 Friday
	 Thursday
	 Friday
	 Tuesday
	 Tuesday
	 Friday
	 Wednesday
	 Wednesday
	 Friday
